id,first_name,last_name,email,gender,ip_address
1,Maryanne,Trevan,mtrevan0@zdnet.com,Female,49.251.219.125
2,Titos,Bartoszewski,tbartoszewski1@princeton.edu,,95.118.159.136
3,Cam,Cruess,ccruess2@icq.com,Polygender,26.228.50.66
4,Kelbee,Heinsh,kheinsh3@gizmodo.com,,54.167.15.251
5,Gilda,MacAdam,gmacadam4@clickbank.net,,105.227.50.91
6,Tanner,Hughland,thughland5@ibm.com,Male,59.30.78.132
7,Valentina,Buckthorpe,vbuckthorpe6@independent.co.uk,Genderqueer,141.79.208.89
8,Ignacio,Stother,istother7@irs.gov,Bigender,171.35.63.187
9,Jorrie,Annice,jannice8@clickbank.net,Non-binary,
10,Lemmie,McFetrich,lmcfetrich9@scribd.com,,26.145.241.90
11,Ada,Chafney,achafneya@blog.com,Male,145.184.43.233
12,Grantham,Von Gladbach,gvongladbachb@wufoo.com,Female,165.105.108.177
13,Alvina,Lyburn,alyburnc@nhs.uk,Agender,111.144.220.245
14,Dian,Ivanyutin,divanyutind@indiegogo.com,Agender,
15,Rob,Braunroth,rbraunrothe@constantcontact.com,Non-binary,255.151.218.241
16,Emyle,Antoniewicz,eantoniewiczf@g.co,Genderfluid,43.198.161.187
17,Corie,Scholcroft,cscholcroftg@ezinearticles.com,Agender,136.33.201.184
18,Adelind,Holdall,aholdallh@europa.eu,Male,173.63.208.51
19,Connie,Matskiv,cmatskivi@state.tx.us,Non-binary,17.254.162.209
20,Christoper,Ismead,cismeadj@hubpages.com,Bigender,36.52.112.164
21,Bernita,Yurikov,byurikovk@hugedomains.com,,22.143.63.105
22,Alec,Hebbs,ahebbsl@google.ca,Genderqueer,196.4.150.166
23,Dame,Lidster,dlidsterm@lulu.com,Polygender,89.118.153.149
24,Sibella,Climance,sclimancen@ebay.co.uk,Agender,88.223.86.46
25,Natty,Gaudin,ngaudino@irs.gov,Non-binary,45.6.159.27
26,Mona,Ruscoe,mruscoep@usgs.gov,,
27,Davin,Codeman,dcodemanq@ftc.gov,,178.228.183.170
28,Yorgos,Vasile,yvasiler@github.io,Bigender,97.70.195.110
29,Jarid,Grimmett,jgrimmetts@ucla.edu,Genderqueer,246.98.156.204
30,Melloney,Trumpeter,mtrumpetert@delicious.com,Agender,184.54.81.20
31,Lari,Eteen,leteenu@furl.net,Genderfluid,87.248.29.155
32,Saxon,Hyndley,shyndleyv@github.io,,37.118.94.166
33,Constantino,Fereday,cferedayw@360.cn,Agender,
34,Mychal,Deuss,mdeussx@buzzfeed.com,Male,88.97.138.208
35,Phillis,Hellen,phelleny@paginegialle.it,Male,37.237.137.0
36,Elbert,Barnhill,ebarnhillz@arizona.edu,Bigender,208.148.244.166
37,Gorden,St. Hill,gsthill10@eepurl.com,Female,171.88.239.48
38,Jakob,Rayworth,jrayworth11@soundcloud.com,Genderfluid,213.65.213.75
39,Carleen,Wasielewski,cwasielewski12@sciencedaily.com,Non-binary,119.213.116.224
40,Delinda,Middlewick,dmiddlewick13@cnbc.com,Polygender,143.166.172.157
41,Staford,Bernollet,sbernollet14@biglobe.ne.jp,Agender,
42,Henderson,Wheelton,hwheelton15@mlb.com,,239.195.47.111
43,Clareta,Clew,cclew16@bloglovin.com,,212.8.17.43
44,Silas,Brantl,sbrantl17@liveinternet.ru,Polygender,121.25.124.168
45,Noelyn,Benko,nbenko18@prlog.org,Genderfluid,91.243.18.34
46,Bertina,Denecamp,bdenecamp19@gizmodo.com,Polygender,172.250.83.123
47,Bayard,Willows,bwillows1a@kickstarter.com,Male,71.193.116.11
48,Kerrill,Freeborne,kfreeborne1b@earthlink.net,,191.110.217.183
49,Constanta,Estick,cestick1c@gmpg.org,Male,85.81.4.158
50,Ethelda,Privett,eprivett1d@uol.com.br,,
51,Alysia,Sanday,asanday1e@va.gov,Non-binary,240.244.199.12
52,Ellwood,Stonebanks,estonebanks1f@jugem.jp,Genderfluid,35.39.181.249
53,Barb,Lorraine,blorraine1g@friendfeed.com,Male,166.245.14.205
54,Jerome,Murrum,jmurrum1h@unblog.fr,Agender,50.239.15.31
55,Jesse,Side,jside1i@miitbeian.gov.cn,Female,91.186.67.76
56,Christie,Meletti,cmeletti1j@xing.com,,41.55.215.87
57,Lisetta,Giorgielli,lgiorgielli1k@imageshack.us,Non-binary,172.116.6.17
58,Sinclair,Muzzi,smuzzi1l@ebay.co.uk,Male,114.16.7.50
59,Wilie,Persey,wpersey1m@ifeng.com,,
60,Shayla,Fullager,sfullager1n@51.la,,105.162.233.117
61,Lettie,Marfell,lmarfell1o@pcworld.com,Genderfluid,74.35.150.237
62,Indira,Bullocke,ibullocke1p@ftc.gov,Female,90.37.240.72
63,Joela,Alps,jalps1q@reference.com,Non-binary,6.254.210.46
64,Lindsey,Cokly,lcokly1r@reuters.com,Agender,169.196.157.34
65,Riordan,Cottingham,rcottingham1s@nba.com,Bigender,33.33.47.178
66,Mandel,Jirsa,mjirsa1t@angelfire.com,,116.227.146.152
67,Harlan,Swaddle,hswaddle1u@unc.edu,Polygender,106.118.62.176
68,Marinna,Schwandermann,mschwandermann1v@google.co.jp,Bigender,143.223.230.85
69,Chaddy,Stollenhof,cstollenhof1w@usa.gov,Bigender,54.130.142.221
70,Karleen,O'Dowling,kodowling1x@scribd.com,Polygender,11.32.62.72
71,Laina,Yousef,lyousef1y@mediafire.com,Genderfluid,97.22.112.182
72,Ivar,Rothera,irothera1z@smugmug.com,Non-binary,240.167.158.46
73,Melvyn,Schultz,mschultz20@globo.com,Agender,
