id,first_name,last_name,email,gender,ipaddress
74,Derek,Gonneau,dgonneau21@google.ca,Female,
75,Smith,Paule,spaule22@tumblr.com,,
76,Derward,Wilsone,dwilsone23@prnewswire.com,Agender,25.248.216.212
77,Horten,McEllen,hmcellen24@homestead.com,Genderfluid,
78,George,Lissimore,glissimore25@joomla.org,,40.170.220.141
79,Ed,Belch,ebelch26@foxnews.com,Bigender,
80,Arnaldo,Isack,aisack27@webeden.co.uk,Male,213.148.84.159
81,Jarrett,Wittier,jwittier28@youku.com,Genderqueer,
82,Gabriello,Castro,gcastro29@dagondesign.com,,138.139.238.139
83,Remy,Rigney,rrigney2a@cdc.gov,,232.26.162.173
84,Jenilee,McGaugan,jmcgaugan2b@xing.com,,26.223.145.35
85,Mariele,Darlington,mdarlington2c@tripadvisor.com,Male,
86,Vassili,Hyman,vhyman2d@mac.com,Bigender,36.18.243.109
87,Stanislas,Keely,skeely2e@mozilla.com,Polygender,94.11.194.72
88,Britt,Peachey,bpeachey2f@cnn.com,Genderfluid,48.120.101.40
89,Marcia,Burrus,mburrus2g@cnet.com,Female,45.160.156.19
90,Rosaleen,Geraldi,rgeraldi2h@paginegialle.it,,109.49.150.27
91,Row,Germon,rgermon2i@cargocollective.com,Agender,233.97.150.246
92,Sheffie,Griffoen,sgriffoen2j@engadget.com,Genderfluid,90.231.191.112
93,Malinde,Vallentin,mvallentin2k@ft.com,Male,11.96.253.83
94,Victor,Shelmerdine,vshelmerdine2l@posterous.com,Polygender,173.92.209.0
95,Elisabetta,Cornforth,ecornforth2m@gizmodo.com,,240.8.154.93
96,Agustin,Al Hirsi,aalhirsi2n@buzzfeed.com,Genderfluid,106.115.94.80
97,Nealon,Ollington,nollington2o@geocities.jp,Polygender,135.211.90.183
98,Barn,Plows,bplows2p@google.es,Non-binary,247.2.6.34
99,Montgomery,Tarply,mtarply2q@jiathis.com,Genderqueer,6.7.65.74
100,Kenn,Wass,kwass2r@noaa.gov,Genderqueer,228.89.156.0
